symbol,name,sector,fetched_at
MMM,3M,Industrials,2026-09-29T23:50:10+00:00
AOS,A. O. Smith,Industrials,2026-09-29T23:50:10+00:00
ABT,Abbott Laboratories,Health Care,2026-09-29T23:50:10+00:00
ABBV,AbbVie,Health Care,2026-09-29T23:50:10+00:00
ACN,Accenture,Information Technology,2026-09-29T23:50:10+00:00
AES,AES Corporation,Utilities,2026-09-29T23:50:10+00:00
AFL,Aflac,Financials,2026-09-29T23:50:10+00:00
A,Agilent Technologies,Health Care,2026-09-29T23:50:10+00:00
APD,Air Products,Materials,2026-09-29T23:50:10+00:00
AKAM,Akamai Technologies,Information Technology,2026-09-29T23:50:10+00:00
ALB,Albemarle Corporation,Materials,2026-09-29T23:50:10+00:00
ARE,Alexandria Real Estate Equities,Real Estate,2026-09-29T23:50:10+00:00
ALGN,Align Technology,Health Care,2026-09-29T23:50:10+00:00
ALLE,Allegion,Industrials,2026-09-29T23:50:10+00:00
LNT,Alliant Energy,Utilities,2026-09-29T23:50:10+00:00
ALL,Allstate,Financials,2026-09-29T23:50:10+00:00
MO,Altria,Consumer Staples,2026-09-29T23:50:10+00:00
AMCR,Amcor,Materials,2026-09-29T23:50:10+00:00
AEE,Ameren,Utilities,2026-09-29T23:50:10+00:00
AXP,American Express,Financials,2026-09-29T23:50:10+00:00
AIG,American International Group,Financials,2026-09-29T23:50:10+00:00
AMT,American Tower,Real Estate,2026-09-29T23:50:10+00:00
AWK,American Water Works,Utilities,2026-09-29T23:50:10+00:00
AMP,Ameriprise Financial,Financials,2026-09-29T23:50:10+00:00
AME,Ametek,Industrials,2026-09-29T23:50:10+00:00
APH,Amphenol,Information Technology,2026-09-29T23:50:10+00:00
AON,Aon plc,Financials,2026-09-29T23:50:10+00:00
APA,APA Corporation,Energy,2026-09-29T23:50:10+00:00
APO,Apollo Global Management,Financials,2026-09-29T23:50:10+00:00
APTV,Aptiv,Consumer Discretionary,2026-09-29T23:50:10+00:00
ACGL,Arch Capital Group,Financials,2026-09-29T23:50:10+00:00
ADM,Archer Daniels Midland,Consumer Staples,2026-09-29T23:50:10+00:00
ARES,Ares Management,Financials,2026-09-29T23:50:10+00:00
ANET,Arista Networks,Information Technology,2026-09-29T23:50:10+00:00
AJG,Arthur J. Gallagher & Co.,Financials,2026-09-29T23:50:10+00:00
AIZ,Assurant,Financials,2026-09-29T23:50:10+00:00
T,AT&T,Communication Services,2026-09-29T23:50:10+00:00
ATO,Atmos Energy,Utilities,2026-09-29T23:50:10+00:00
AZO,AutoZone,Consumer Discretionary,2026-09-29T23:50:10+00:00
AVY,Avery Dennison,Materials,2026-09-29T23:50:10+00:00
BALL,Ball Corporation,Materials,2026-09-29T23:50:10+00:00
BAC,Bank of America,Financials,2026-09-29T23:50:10+00:00
BAX,Baxter International,Health Care,2026-09-29T23:50:10+00:00
BDX,Becton Dickinson,Health Care,2026-09-29T23:50:10+00:00
BRK.B,Berkshire Hathaway,Financials,2026-09-29T23:50:10+00:00
BBY,Best Buy,Consumer Discretionary,2026-09-29T23:50:10+00:00
TECH,Bio-Techne,Health Care,2026-09-29T23:50:10+00:00
BIIB,Biogen,Health Care,2026-09-29T23:50:10+00:00
BLK,BlackRock,Financials,2026-09-29T23:50:10+00:00
BX,Blackstone Inc.,Financials,2026-09-29T23:50:10+00:00
XYZ,"Block, Inc.",Financials,2026-09-29T23:50:10+00:00
BE,Bloom Energy,Industrials,2026-09-29T23:50:10+00:00
BNY,BNY Mellon,Financials,2026-09-29T23:50:10+00:00
BA,Boeing,Industrials,2026-09-29T23:50:10+00:00
BSX,Boston Scientific,Health Care,2026-09-29T23:50:10+00:00
BMY,Bristol Myers Squibb,Health Care,2026-09-29T23:50:10+00:00
BR,Broadridge Financial Solutions,Industrials,2026-09-29T23:50:10+00:00
BRO,Brown & Brown,Financials,2026-09-29T23:50:10+00:00
BF.B,Brown–Forman,Consumer Staples,2026-09-29T23:50:10+00:00
BG,Bunge Global,Consumer Staples,2026-09-29T23:50:10+00:00
BXP,"BXP, Inc.",Real Estate,2026-09-29T23:50:10+00:00
CHRW,C.H. Robinson,Industrials,2026-09-29T23:50:10+00:00
CPT,Camden Property Trust,Real Estate,2026-09-29T23:50:10+00:00
COF,Capital One,Financials,2026-09-29T23:50:10+00:00
CAH,Cardinal Health,Health Care,2026-09-29T23:50:10+00:00
CCL,Carnival Corporation,Consumer Discretionary,2026-09-29T23:50:10+00:00
CARR,Carrier Global,Industrials,2026-09-29T23:50:10+00:00
CVNA,Carvana,Consumer Discretionary,2026-09-29T23:50:10+00:00
CASY,Casey's,Consumer Staples,2026-09-29T23:50:10+00:00
CAT,Caterpillar Inc.,Industrials,2026-09-29T23:50:10+00:00
CBOE,Cboe Global Markets,Financials,2026-09-29T23:50:10+00:00
CBRE,CBRE Group,Real Estate,2026-09-29T23:50:10+00:00
CDW,CDW Corporation,Information Technology,2026-09-29T23:50:10+00:00
COR,Cencora,Health Care,2026-09-29T23:50:10+00:00
CNC,Centene Corporation,Health Care,2026-09-29T23:50:10+00:00
CNP,CenterPoint Energy,Utilities,2026-09-29T23:50:10+00:00
CF,CF Industries,Materials,2026-09-29T23:50:10+00:00
CRL,Charles River Laboratories,Health Care,2026-09-29T23:50:10+00:00
SCHW,Charles Schwab Corporation,Financials,2026-09-29T23:50:10+00:00
CHTR,Charter Communications,Communication Services,2026-09-29T23:50:10+00:00
CVX,Chevron Corporation,Energy,2026-09-29T23:50:10+00:00
CMG,Chipotle Mexican Grill,Consumer Discretionary,2026-09-29T23:50:10+00:00
CB,Chubb Limited,Financials,2026-09-29T23:50:10+00:00
CHD,Church & Dwight,Consumer Staples,2026-09-29T23:50:10+00:00
CIEN,Ciena,Information Technology,2026-09-29T23:50:10+00:00
CI,Cigna,Health Care,2026-09-29T23:50:10+00:00
CINF,Cincinnati Financial,Financials,2026-09-29T23:50:10+00:00
C,Citigroup,Financials,2026-09-29T23:50:10+00:00
CFG,Citizens Financial Group,Financials,2026-09-29T23:50:10+00:00
CLX,Clorox,Consumer Staples,2026-09-29T23:50:10+00:00
CME,CME Group,Financials,2026-09-29T23:50:10+00:00
CMS,CMS Energy,Utilities,2026-09-29T23:50:10+00:00
KO,Coca-Cola Company (The),Consumer Staples,2026-09-29T23:50:10+00:00
CTSH,Cognizant,Information Technology,2026-09-29T23:50:10+00:00
COHR,Coherent Corp.,Information Technology,2026-09-29T23:50:10+00:00
COIN,Coinbase,Financials,2026-09-29T23:50:10+00:00
CL,Colgate-Palmolive,Consumer Staples,2026-09-29T23:50:10+00:00
FIX,Comfort Systems USA,Industrials,2026-09-29T23:50:10+00:00
COP,ConocoPhillips,Energy,2026-09-29T23:50:10+00:00
ED,Consolidated Edison,Utilities,2026-09-29T23:50:10+00:00
STZ,Constellation Brands,Consumer Staples,2026-09-29T23:50:10+00:00
COO,Cooper Companies (The),Health Care,2026-09-29T23:50:10+00:00
GLW,Corning Inc.,Information Technology,2026-09-29T23:50:10+00:00
CPAY,Corpay,Financials,2026-09-29T23:50:10+00:00
CTVA,Corteva,Materials,2026-09-29T23:50:10+00:00
CSGP,CoStar Group,Real Estate,2026-09-29T23:50:10+00:00
CRH,CRH plc,Materials,2026-09-29T23:50:10+00:00
CCI,Crown Castle,Real Estate,2026-09-29T23:50:10+00:00
CMI,Cummins,Industrials,2026-09-29T23:50:10+00:00
CVS,CVS Health,Health Care,2026-09-29T23:50:10+00:00
DHR,Danaher Corporation,Health Care,2026-09-29T23:50:10+00:00
DRI,Darden Restaurants,Consumer Discretionary,2026-09-29T23:50:10+00:00
DVA,DaVita,Health Care,2026-09-29T23:50:10+00:00
DECK,Deckers Brands,Consumer Discretionary,2026-09-29T23:50:10+00:00
DE,Deere & Company,Industrials,2026-09-29T23:50:10+00:00
DELL,Dell Technologies,Information Technology,2026-09-29T23:50:10+00:00
DAL,Delta Air Lines,Industrials,2026-09-29T23:50:10+00:00
DVN,Devon Energy,Energy,2026-09-29T23:50:10+00:00
DLR,Digital Realty,Real Estate,2026-09-29T23:50:10+00:00
DG,Dollar General,Consumer Staples,2026-09-29T23:50:10+00:00
DLTR,Dollar Tree,Consumer Staples,2026-09-29T23:50:10+00:00
D,Dominion Energy,Utilities,2026-09-29T23:50:10+00:00
DPZ,Domino's,Consumer Discretionary,2026-09-29T23:50:10+00:00
DOV,Dover Corporation,Industrials,2026-09-29T23:50:10+00:00
DOW,Dow Inc.,Materials,2026-09-29T23:50:10+00:00
DHI,D. R. Horton,Consumer Discretionary,2026-09-29T23:50:10+00:00
DTE,DTE Energy,Utilities,2026-09-29T23:50:10+00:00
DUK,Duke Energy,Utilities,2026-09-29T23:50:10+00:00
DD,DuPont,Industrials,2026-09-29T23:50:10+00:00
ETN,Eaton Corporation,Industrials,2026-09-29T23:50:10+00:00
EBAY,eBay Inc.,Consumer Discretionary,2026-09-29T23:50:10+00:00
ECHO,EchoStar,Communication Services,2026-09-29T23:50:10+00:00
ECL,Ecolab,Materials,2026-09-29T23:50:10+00:00
EIX,Edison International,Utilities,2026-09-29T23:50:10+00:00
EW,Edwards Lifesciences,Health Care,2026-09-29T23:50:10+00:00
ELV,Elevance Health,Health Care,2026-09-29T23:50:10+00:00
EME,Emcor,Industrials,2026-09-29T23:50:10+00:00
EMR,Emerson Electric,Industrials,2026-09-29T23:50:10+00:00
ETR,Entergy,Utilities,2026-09-29T23:50:10+00:00
EOG,EOG Resources,Energy,2026-09-29T23:50:10+00:00
EQT,EQT Corporation,Energy,2026-09-29T23:50:10+00:00
EFX,Equifax,Industrials,2026-09-29T23:50:10+00:00
EQIX,Equinix,Real Estate,2026-09-29T23:50:10+00:00
ERIE,Erie Indemnity,Financials,2026-09-29T23:50:10+00:00
ESS,Essex Property Trust,Real Estate,2026-09-29T23:50:10+00:00
EL,Estée Lauder Companies (The),Consumer Staples,2026-09-29T23:50:10+00:00
EG,Everest Group,Financials,2026-09-29T23:50:10+00:00
EVRG,Evergy,Utilities,2026-09-29T23:50:10+00:00
P,Everpure,Information Technology,2026-09-29T23:50:10+00:00
ES,Eversource Energy,Utilities,2026-09-29T23:50:10+00:00
EXE,Expand Energy,Energy,2026-09-29T23:50:10+00:00
EXPE,Expedia Group,Consumer Discretionary,2026-09-29T23:50:10+00:00
EXPD,Expeditors International,Industrials,2026-09-29T23:50:10+00:00
EXR,Extra Space Storage,Real Estate,2026-09-29T23:50:10+00:00
XOM,ExxonMobil,Energy,2026-09-29T23:50:10+00:00
FFIV,"F5, Inc.",Information Technology,2026-09-29T23:50:10+00:00
FDS,FactSet,Financials,2026-09-29T23:50:10+00:00
FICO,Fair Isaac,Information Technology,2026-09-29T23:50:10+00:00
FRT,Federal Realty Investment Trust,Real Estate,2026-09-29T23:50:10+00:00
FDX,FedEx,Industrials,2026-09-29T23:50:10+00:00
FDXF,FedEx Freight,Industrials,2026-09-29T23:50:10+00:00
FERG,Ferguson Enterprises,Industrials,2026-09-29T23:50:10+00:00
FIS,Fidelity National Information Services,Financials,2026-09-29T23:50:10+00:00
FITB,Fifth Third Bancorp,Financials,2026-09-29T23:50:10+00:00
FSLR,First Solar,Information Technology,2026-09-29T23:50:10+00:00
FE,FirstEnergy,Utilities,2026-09-29T23:50:10+00:00
FISV,Fiserv,Financials,2026-09-29T23:50:10+00:00
FLEX,Flex Ltd.,Information Technology,2026-09-29T23:50:10+00:00
F,Ford Motor Company,Consumer Discretionary,2026-09-29T23:50:10+00:00
FTV,Fortive,Industrials,2026-09-29T23:50:10+00:00
FOXA,Fox Corporation (Class A),Communication Services,2026-09-29T23:50:10+00:00
FOX,Fox Corporation (Class B),Communication Services,2026-09-29T23:50:10+00:00
BEN,Franklin Resources,Financials,2026-09-29T23:50:10+00:00
FCX,Freeport-McMoRan,Materials,2026-09-29T23:50:10+00:00
GRMN,Garmin,Consumer Discretionary,2026-09-29T23:50:10+00:00
IT,Gartner,Information Technology,2026-09-29T23:50:10+00:00
GE,GE Aerospace,Industrials,2026-09-29T23:50:10+00:00
GEV,GE Vernova,Industrials,2026-09-29T23:50:10+00:00
GEN,Gen Digital,Information Technology,2026-09-29T23:50:10+00:00
GNRC,Generac,Industrials,2026-09-29T23:50:10+00:00
GD,General Dynamics,Industrials,2026-09-29T23:50:10+00:00
GIS,General Mills,Consumer Staples,2026-09-29T23:50:10+00:00
GM,General Motors,Consumer Discretionary,2026-09-29T23:50:10+00:00
GPC,Genuine Parts Company,Consumer Discretionary,2026-09-29T23:50:10+00:00
GPN,Global Payments,Financials,2026-09-29T23:50:10+00:00
GL,Globe Life,Financials,2026-09-29T23:50:10+00:00
GDDY,GoDaddy,Information Technology,2026-09-29T23:50:10+00:00
GS,Goldman Sachs,Financials,2026-09-29T23:50:10+00:00
HAL,Halliburton,Energy,2026-09-29T23:50:10+00:00
HIG,Hartford (The),Financials,2026-09-29T23:50:10+00:00
HAS,Hasbro,Consumer Discretionary,2026-09-29T23:50:10+00:00
HCA,HCA Healthcare,Health Care,2026-09-29T23:50:10+00:00
DOC,Healthpeak Properties,Real Estate,2026-09-29T23:50:10+00:00
HSIC,Henry Schein,Health Care,2026-09-29T23:50:10+00:00
HSY,Hershey Company (The),Consumer Staples,2026-09-29T23:50:10+00:00
HPE,Hewlett Packard Enterprise,Information Technology,2026-09-29T23:50:10+00:00
HLT,Hilton Worldwide,Consumer Discretionary,2026-09-29T23:50:10+00:00
HD,Home Depot (The),Consumer Discretionary,2026-09-29T23:50:10+00:00
HRL,Hormel Foods,Consumer Staples,2026-09-29T23:50:10+00:00
HST,Host Hotels & Resorts,Real Estate,2026-09-29T23:50:10+00:00
HWM,Howmet Aerospace,Industrials,2026-09-29T23:50:10+00:00
HPQ,HP Inc.,Information Technology,2026-09-29T23:50:10+00:00
HUBB,Hubbell Incorporated,Industrials,2026-09-29T23:50:10+00:00
HUM,Humana,Health Care,2026-09-29T23:50:10+00:00
HBAN,Huntington Bancshares,Financials,2026-09-29T23:50:10+00:00
HII,Huntington Ingalls Industries,Industrials,2026-09-29T23:50:10+00:00
IBM,IBM,Information Technology,2026-09-29T23:50:10+00:00
IEX,IDEX Corporation,Industrials,2026-09-29T23:50:10+00:00
ITW,Illinois Tool Works,Industrials,2026-09-29T23:50:10+00:00
ILMN,"Illumina, Inc.",Health Care,2026-09-29T23:50:10+00:00
INCY,Incyte,Health Care,2026-09-29T23:50:10+00:00
IR,Ingersoll Rand,Industrials,2026-09-29T23:50:10+00:00
PODD,Insulet Corporation,Health Care,2026-09-29T23:50:10+00:00
IBKR,Interactive Brokers,Financials,2026-09-29T23:50:10+00:00
ICE,Intercontinental Exchange,Financials,2026-09-29T23:50:10+00:00
IFF,International Flavors & Fragrances,Materials,2026-09-29T23:50:10+00:00
IP,International Paper,Materials,2026-09-29T23:50:10+00:00
IVZ,Invesco,Financials,2026-09-29T23:50:10+00:00
INVH,Invitation Homes,Real Estate,2026-09-29T23:50:10+00:00
IQV,IQVIA,Health Care,2026-09-29T23:50:10+00:00
IRM,Iron Mountain,Real Estate,2026-09-29T23:50:10+00:00
JBHT,J.B. Hunt,Industrials,2026-09-29T23:50:10+00:00
JBL,Jabil,Information Technology,2026-09-29T23:50:10+00:00
JKHY,Jack Henry & Associates,Financials,2026-09-29T23:50:10+00:00
J,Jacobs Solutions,Industrials,2026-09-29T23:50:10+00:00
JNJ,Johnson & Johnson,Health Care,2026-09-29T23:50:10+00:00
JCI,Johnson Controls,Industrials,2026-09-29T23:50:10+00:00
JPM,JPMorgan Chase,Financials,2026-09-29T23:50:10+00:00
KVUE,Kenvue,Consumer Staples,2026-09-29T23:50:10+00:00
KEY,KeyCorp,Financials,2026-09-29T23:50:10+00:00
KEYS,Keysight Technologies,Information Technology,2026-09-29T23:50:10+00:00
KMB,Kimberly-Clark,Consumer Staples,2026-09-29T23:50:10+00:00
KIM,Kimco Realty,Real Estate,2026-09-29T23:50:10+00:00
KMI,Kinder Morgan,Energy,2026-09-29T23:50:10+00:00
KKR,KKR & Co.,Financials,2026-09-29T23:50:10+00:00
KHC,Kraft Heinz,Consumer Staples,2026-09-29T23:50:10+00:00
KR,Kroger,Consumer Staples,2026-09-29T23:50:10+00:00
LHX,L3Harris,Industrials,2026-09-29T23:50:10+00:00
LH,Labcorp,Health Care,2026-09-29T23:50:10+00:00
LVS,Las Vegas Sands,Consumer Discretionary,2026-09-29T23:50:10+00:00
LDOS,Leidos,Industrials,2026-09-29T23:50:10+00:00
LEN,Lennar,Consumer Discretionary,2026-09-29T23:50:10+00:00
LII,Lennox International,Industrials,2026-09-29T23:50:10+00:00
LLY,Lilly (Eli),Health Care,2026-09-29T23:50:10+00:00
LYV,Live Nation Entertainment,Communication Services,2026-09-29T23:50:10+00:00
LMT,Lockheed Martin,Industrials,2026-09-29T23:50:10+00:00
L,Loews Corporation,Financials,2026-09-29T23:50:10+00:00
LOW,Lowe's,Consumer Discretionary,2026-09-29T23:50:10+00:00
LULU,Lululemon Athletica,Consumer Discretionary,2026-09-29T23:50:10+00:00
LYB,LyondellBasell,Materials,2026-09-29T23:50:10+00:00
MTB,M&T Bank,Financials,2026-09-29T23:50:10+00:00
MPC,Marathon Petroleum,Energy,2026-09-29T23:50:10+00:00
MRSH,Marsh McLennan,Financials,2026-09-29T23:50:10+00:00
MLM,Martin Marietta Materials,Materials,2026-09-29T23:50:10+00:00
MAS,Masco,Industrials,2026-09-29T23:50:10+00:00
MA,Mastercard,Financials,2026-09-29T23:50:10+00:00
MKC,McCormick & Company,Consumer Staples,2026-09-29T23:50:10+00:00
MCD,McDonald's,Consumer Discretionary,2026-09-29T23:50:10+00:00
MCK,McKesson Corporation,Health Care,2026-09-29T23:50:10+00:00
MDT,Medtronic,Health Care,2026-09-29T23:50:10+00:00
MRK,Merck & Co.,Health Care,2026-09-29T23:50:10+00:00
MET,MetLife,Financials,2026-09-29T23:50:10+00:00
MTD,Mettler Toledo,Health Care,2026-09-29T23:50:10+00:00
MGM,MGM Resorts,Consumer Discretionary,2026-09-29T23:50:10+00:00
MAA,Mid-America Apartment Communities,Real Estate,2026-09-29T23:50:10+00:00
MRNA,Moderna,Health Care,2026-09-29T23:50:10+00:00
MCO,Moody's Corporation,Financials,2026-09-29T23:50:10+00:00
MS,Morgan Stanley,Financials,2026-09-29T23:50:10+00:00
MOS,Mosaic Company (The),Materials,2026-09-29T23:50:10+00:00
MSI,Motorola Solutions,Information Technology,2026-09-29T23:50:10+00:00
MSCI,MSCI,Financials,2026-09-29T23:50:10+00:00
NDAQ,"Nasdaq, Inc.",Financials,2026-09-29T23:50:10+00:00
NTAP,NetApp,Information Technology,2026-09-29T23:50:10+00:00
NEM,Newmont,Materials,2026-09-29T23:50:10+00:00
NWSA,News Corp (Class A),Communication Services,2026-09-29T23:50:10+00:00
NWS,News Corp (Class B),Communication Services,2026-09-29T23:50:10+00:00
NEE,NextEra Energy,Utilities,2026-09-29T23:50:10+00:00
NKE,"Nike, Inc.",Consumer Discretionary,2026-09-29T23:50:10+00:00
NI,NiSource,Utilities,2026-09-29T23:50:10+00:00
NDSN,Nordson Corporation,Industrials,2026-09-29T23:50:10+00:00
NSC,Norfolk Southern,Industrials,2026-09-29T23:50:10+00:00
NTRS,Northern Trust,Financials,2026-09-29T23:50:10+00:00
NOC,Northrop Grumman,Industrials,2026-09-29T23:50:10+00:00
NCLH,Norwegian Cruise Line Holdings,Consumer Discretionary,2026-09-29T23:50:10+00:00
NRG,NRG Energy,Utilities,2026-09-29T23:50:10+00:00
NUE,Nucor,Materials,2026-09-29T23:50:10+00:00
NVR,"NVR, Inc.",Consumer Discretionary,2026-09-29T23:50:10+00:00
OXY,Occidental Petroleum,Energy,2026-09-29T23:50:10+00:00
OMC,Omnicom Group,Communication Services,2026-09-29T23:50:10+00:00
ON,ON Semiconductor,Information Technology,2026-09-29T23:50:10+00:00
OKE,Oneok,Energy,2026-09-29T23:50:10+00:00
ORCL,Oracle Corporation,Information Technology,2026-09-29T23:50:10+00:00
OTIS,Otis Worldwide,Industrials,2026-09-29T23:50:10+00:00
PKG,Packaging Corporation of America,Materials,2026-09-29T23:50:10+00:00
PSKY,Paramount Skydance Corporation,Communication Services,2026-09-29T23:50:10+00:00
PH,Parker Hannifin,Industrials,2026-09-29T23:50:10+00:00
PNR,Pentair,Industrials,2026-09-29T23:50:10+00:00
PFE,Pfizer,Health Care,2026-09-29T23:50:10+00:00
PCG,PG&E Corporation,Utilities,2026-09-29T23:50:10+00:00
PM,Philip Morris International,Consumer Staples,2026-09-29T23:50:10+00:00
PSX,Phillips 66,Energy,2026-09-29T23:50:10+00:00
PNW,Pinnacle West Capital,Utilities,2026-09-29T23:50:10+00:00
PNC,PNC Financial Services,Financials,2026-09-29T23:50:10+00:00
PPG,PPG Industries,Materials,2026-09-29T23:50:10+00:00
PPL,PPL Corporation,Utilities,2026-09-29T23:50:10+00:00
PFG,Principal Financial Group,Financials,2026-09-29T23:50:10+00:00
PG,Procter & Gamble,Consumer Staples,2026-09-29T23:50:10+00:00
PGR,Progressive Corporation,Financials,2026-09-29T23:50:10+00:00
PLD,Prologis,Real Estate,2026-09-29T23:50:10+00:00
PRU,Prudential Financial,Financials,2026-09-29T23:50:10+00:00
PEG,Public Service Enterprise Group,Utilities,2026-09-29T23:50:10+00:00
PTC,PTC Inc.,Information Technology,2026-09-29T23:50:10+00:00
PSA,Public Storage,Real Estate,2026-09-29T23:50:10+00:00
PHM,PulteGroup,Consumer Discretionary,2026-09-29T23:50:10+00:00
PWR,Quanta Services,Industrials,2026-09-29T23:50:10+00:00
DGX,Quest Diagnostics,Health Care,2026-09-29T23:50:10+00:00
Q,Qnity Electronics,Information Technology,2026-09-29T23:50:10+00:00
RL,Ralph Lauren Corporation,Consumer Discretionary,2026-09-29T23:50:10+00:00
RJF,Raymond James Financial,Financials,2026-09-29T23:50:10+00:00
RDDT,Reddit,Communication Services,2026-09-29T23:50:10+00:00
RTX,RTX Corporation,Industrials,2026-09-29T23:50:10+00:00
O,Realty Income,Real Estate,2026-09-29T23:50:10+00:00
REG,Regency Centers,Real Estate,2026-09-29T23:50:10+00:00
RF,Regions Financial Corporation,Financials,2026-09-29T23:50:10+00:00
RSG,Republic Services,Industrials,2026-09-29T23:50:10+00:00
RMD,ResMed|,Health Care,2026-09-29T23:50:10+00:00
RVTY,Revvity,Health Care,2026-09-29T23:50:10+00:00
HOOD,Robinhood Markets,Financials,2026-09-29T23:50:10+00:00
ROK,Rockwell Automation,Industrials,2026-09-29T23:50:10+00:00
ROL,"Rollins, Inc.",Industrials,2026-09-29T23:50:10+00:00
RCL,Royal Caribbean Group,Consumer Discretionary,2026-09-29T23:50:10+00:00
SPGI,S&P Global,Financials,2026-09-29T23:50:10+00:00
CRM,Salesforce,Information Technology,2026-09-29T23:50:10+00:00
SBAC,SBA Communications,Real Estate,2026-09-29T23:50:10+00:00
SLB,Schlumberger,Energy,2026-09-29T23:50:10+00:00
SRE,Sempra,Utilities,2026-09-29T23:50:10+00:00
NOW,ServiceNow,Information Technology,2026-09-29T23:50:10+00:00
SHW,Sherwin-Williams,Materials,2026-09-29T23:50:10+00:00
SPG,Simon Property Group,Real Estate,2026-09-29T23:50:10+00:00
SWKS,Skyworks Solutions,Information Technology,2026-09-29T23:50:10+00:00
SJM,J.M. Smucker Company (The),Consumer Staples,2026-09-29T23:50:10+00:00
SW,Smurfit Westrock,Materials,2026-09-29T23:50:10+00:00
SNA,Snap-on,Industrials,2026-09-29T23:50:10+00:00
SOLV,Solventum,Health Care,2026-09-29T23:50:10+00:00
SO,Southern Company,Utilities,2026-09-29T23:50:10+00:00
LUV,Southwest Airlines,Industrials,2026-09-29T23:50:10+00:00
SWK,Stanley Black & Decker,Industrials,2026-09-29T23:50:10+00:00
STT,State Street Corporation,Financials,2026-09-29T23:50:10+00:00
STLD,Steel Dynamics,Materials,2026-09-29T23:50:10+00:00
STE,Steris,Health Care,2026-09-29T23:50:10+00:00
SYK,Stryker Corporation,Health Care,2026-09-29T23:50:10+00:00
SMCI,Supermicro,Information Technology,2026-09-29T23:50:10+00:00
SYF,Synchrony Financial,Financials,2026-09-29T23:50:10+00:00
SYY,Sysco,Consumer Staples,2026-09-29T23:50:10+00:00
TROW,T. Rowe Price,Financials,2026-09-29T23:50:10+00:00
TPR,"Tapestry, Inc.",Consumer Discretionary,2026-09-29T23:50:10+00:00
TRGP,Targa Resources,Energy,2026-09-29T23:50:10+00:00
TGT,Target Corporation,Consumer Staples,2026-09-29T23:50:10+00:00
TEL,TE Connectivity,Information Technology,2026-09-29T23:50:10+00:00
TDY,Teledyne Technologies,Information Technology,2026-09-29T23:50:10+00:00
TPL,Texas Pacific Land Corporation,Energy,2026-09-29T23:50:10+00:00
TXT,Textron,Industrials,2026-09-29T23:50:10+00:00
TMO,Thermo Fisher Scientific,Health Care,2026-09-29T23:50:10+00:00
TJX,TJX Companies,Consumer Discretionary,2026-09-29T23:50:10+00:00
TKO,TKO Group Holdings,Communication Services,2026-09-29T23:50:10+00:00
TSCO,Tractor Supply,Consumer Discretionary,2026-09-29T23:50:10+00:00
TT,Trane Technologies,Industrials,2026-09-29T23:50:10+00:00
TDG,TransDigm Group,Industrials,2026-09-29T23:50:10+00:00
TRV,Travelers Companies (The),Financials,2026-09-29T23:50:10+00:00
TRMB,Trimble Inc.,Information Technology,2026-09-29T23:50:10+00:00
TFC,Truist Financial,Financials,2026-09-29T23:50:10+00:00
TYL,Tyler Technologies,Information Technology,2026-09-29T23:50:10+00:00
TSN,Tyson Foods,Consumer Staples,2026-09-29T23:50:10+00:00
USB,U.S. Bancorp,Financials,2026-09-29T23:50:10+00:00
UBER,Uber,Industrials,2026-09-29T23:50:10+00:00
UDR,"UDR, Inc.",Real Estate,2026-09-29T23:50:10+00:00
ULTA,Ulta Beauty,Consumer Discretionary,2026-09-29T23:50:10+00:00
UNP,Union Pacific Corporation,Industrials,2026-09-29T23:50:10+00:00
UAL,United Airlines Holdings,Industrials,2026-09-29T23:50:10+00:00
UPS,United Parcel Service,Industrials,2026-09-29T23:50:10+00:00
URI,United Rentals,Industrials,2026-09-29T23:50:10+00:00
UNH,UnitedHealth Group,Health Care,2026-09-29T23:50:10+00:00
UHS,Universal Health Services,Health Care,2026-09-29T23:50:10+00:00
VLO,Valero Energy,Energy,2026-09-29T23:50:10+00:00
VEEV,Veeva Systems,Health Care,2026-09-29T23:50:10+00:00
VTR,Ventas,Real Estate,2026-09-29T23:50:10+00:00
VLTO,Veralto,Industrials,2026-09-29T23:50:10+00:00
VRSN,Verisign,Information Technology,2026-09-29T23:50:10+00:00
VRSK,Verisk Analytics,Industrials,2026-09-29T23:50:10+00:00
VZ,Verizon,Communication Services,2026-09-29T23:50:10+00:00
VRT,Vertiv,Industrials,2026-09-29T23:50:10+00:00
VTRS,Viatris,Health Care,2026-09-29T23:50:10+00:00
VICI,Vici Properties,Real Estate,2026-09-29T23:50:10+00:00
V,Visa Inc.,Financials,2026-09-29T23:50:10+00:00
VST,Vistra Corp.,Utilities,2026-09-29T23:50:10+00:00
VMRK,Vivmark Residential,Real Estate,2026-09-29T23:50:10+00:00
VMC,Vulcan Materials Company,Materials,2026-09-29T23:50:10+00:00
WRB,W. R. Berkley Corporation,Financials,2026-09-29T23:50:10+00:00
GWW,W. W. Grainger,Industrials,2026-09-29T23:50:10+00:00
WAB,Wabtec,Industrials,2026-09-29T23:50:10+00:00
DIS,Walt Disney Company (The),Communication Services,2026-09-29T23:50:10+00:00
WBD,Warner Bros. Discovery,Communication Services,2026-09-29T23:50:10+00:00
WM,Waste Management,Industrials,2026-09-29T23:50:10+00:00
WAT,Waters Corporation,Health Care,2026-09-29T23:50:10+00:00
WEC,WEC Energy Group,Utilities,2026-09-29T23:50:10+00:00
WFC,Wells Fargo,Financials,2026-09-29T23:50:10+00:00
WELL,Welltower,Real Estate,2026-09-29T23:50:10+00:00
WST,West Pharmaceutical Services,Health Care,2026-09-29T23:50:10+00:00
WY,Weyerhaeuser,Real Estate,2026-09-29T23:50:10+00:00
WSM,"Williams-Sonoma, Inc.",Consumer Discretionary,2026-09-29T23:50:10+00:00
WMB,Williams Companies,Energy,2026-09-29T23:50:10+00:00
WTW,Willis Towers Watson,Financials,2026-09-29T23:50:10+00:00
WYNN,Wynn Resorts,Consumer Discretionary,2026-09-29T23:50:10+00:00
XYL,Xylem Inc.,Industrials,2026-09-29T23:50:10+00:00
YUM,Yum! Brands,Consumer Discretionary,2026-09-29T23:50:10+00:00
ZBRA,Zebra Technologies,Information Technology,2026-09-29T23:50:10+00:00
ZBH,Zimmer Biomet,Health Care,2026-09-29T23:50:10+00:00
ZTS,Zoetis,Health Care,2026-09-29T23:50:10+00:00
